Obc,(SBC) Special,(SC)Scheduled Cast,(ST) Scheduled Tribes,(VJNT)Vimukta Jati and Nomadic Tribes,SEBC
(1)Alitkar,(1)(1)Gawari,Aaremala(3),Advichincher(38),(1)(1)Bava,SEBC
(10)Bhavin,(1)(1)Gowari,Aarwa mala(4),Agaria(18),(1)(10)Aranya Gharbhari,
(100)Medar,(3)(1)Koshti,AGER 1,Andh(1),(1)(11)Sanyasi,
(101)Mhali,(3)(10)Dewang,Anmuk(2),Arakh(18),(1)(12)Nathpanthi Gosavi,
(102)Mitha,(3)(11)Kachi Bandhhe,Asadaru (11),Arrakh(18),(1)(13)Puri,
(104)Mathura,(3)(12)Patvis,ASODI,Asur(18),(1)(2)Bairagi,
(105)Namdhari,(3)(13)Satsale,Ayalwar(51),Bada Maria(18),(1)(3)Bharati,
(106)Namdhari Paik,(3)(14)Sade,Bahna/Bahana(5),Badi Maria(18),(1)(4)Girigosavi,
(107)Nirshikari,(3)(15)Jainkoshti,BAKAD 6,Bahelia(38),(1)(5)Bharati Gosavi,
(108)Hadpad,(3)(16)Lingayat Dewang,Balaahi(7),Bahellia(38),(1)(6)Saraswati Parbat,
(108)Hajam,(3)(16)Lingayat Koshti,Balai(7),Baiga(2),(1)(7)Sagar,
(108)Hajjam,(3)(16)Lingayat Sali,Balmiki(12),Bamcha(4),(1)(8)Ban,
,(3)(2)Halba Koshti,,,,
(108)Lingayat Nhavi,(3)(4)Sali,Bansodi (8),Barda(3),(1)(8)Van,
(108)Mhali,(3)(4)Swakul Sali,Bansor (8),Barodia(47),(1)(9)Teerth Ashram,
(108)Nabhik,(3)(5)Lad Koshti,BANT 6,Bavacha(4),(1)(B)Naikwadi,
(108)Napit,(3)(6)Gaddhewal Koshti,Bant(6),Bhagalia Bhilala(8),(1)(C)Talwar,
(108)Navi,(3)(7)Deshkar,Basod (8),Bhagalia(8),(1)(D)Walmiki,
(108)Navisen,(3)(9)Chanewar,Basor(8),Bhaina(5),(1)Berad,
(108)Nhavi,(3)(9)Channewar,Bedajangam(9),Bhar(18),(1)Gosavi,
(108)Salmani,(3)(9)Chenewar,Bedar(10),Bharia Bhumia(6),(10)(A)Pardeshi Bhamta,
(108)Salmania,(3)(9)Padmashali,BHAMBHI 11,Bhatola(18),(10)(B)Pardeshi Bhamti,
(108)Valand,(3)(9)Salewar,BHAMBI 11,Bhattra(7),(10)Gondhali,
(108)Warik,"(4)(1)Koli, Similar Castes",Bhangi(12),Bhil ( 8 ),(10)Rajput Bhamta,
(109)Nethura,(4)(10)Mangela,Bindala(13),Bhil Garasia(8),(11)(A)Gopal Bhorpi,
(11)Bhisti,(4)(11)Sonkoli,Buddha (NA)/Nav Budhha,Bhil(8),(11)(B)Khelkari,
(11)Pakhali,(4)(12)Vaiti,Budga jangam(9),Bhilala (8),(11)Gopal,
(11)Sakka,(4)(13)Kharva,Burud (8),Bhill ( 8 ),(11)Ramoshi,
,(4)(13)Kharvi,Byagara(14),Bhimma(18),(12)(A)Gadi Vaddar,
(110)Lonia,(4)(14)Koli (Non Included in Sheduled Tribes),Chalwadi(15),Bhine Koya(33),(12)(B)Jati Vaddar,
(110)Luniya,(4)(15)Machhi,Chamadia (11),Bhuinhar Bhumia Pando(6),(12)(C)Mati Vaddar,
(110)Nonia,(4)(15)Machhi-Mitna,CHAMAR 11,Bhuinhar Bhumia(6),(12)(D)Patharvat,
(110)Nuniya,(4)(15)Mitna,Chamar(11),Bhunjia(9),(12)(E)Dagadfodu,
(111)Nakkashi,(4)(2)Machhimar Koli,Chamari (11),Bhuta(18),(12)(E)Sangtarash,
(112)Neeli,(4)(3)Ahir Koli,Chambhar ( 11 ),Bilala(8),(12)(F)Vaddar,
(113)Neelkanti,(4)(4)Khandeshi Koli,CHAMDIYA 11,Binjhwar(10),(12)Helve,
(114)Nekar Jada,(4)(5)Pankoli,CHAMGAR 11,Birhor(11),(12)Hilav,
(115)Padharia,(4)(6)Christian Koli,Channya(15),Birhul(11),(12)Vadar,
(116)Padiar,(4)(7)Chumbale Koli,Charmakar (11),Bisonhom Maria(18),(13)(A)Budbudki,
(117)Patradavaru,(4)(8)Panbhare Koli,Chennadaasar(16),Bondeya(32),(13)(A)Salat,
(118)Phasechari,(4)(9)Koli Suryavanshi,Chenva(56),Bondhi(32),(13)(B)Damruwale,
(119)Phudgi,(5)(1)Munnerwar,Chikva(31),Bopchi(32),(13)(B)Salat Vaghari,
(120)Pakhali,(5)(10)Telugu Phulmali,Chikvi(31),Chattri(22),(13)(C)Kudmude,
(120)Sakka,(5)(2)Munnurwar,Chindollu(57),Cherwa(22),(13)(D)Medhangi,
(121)Panchal,(5)(3)Munnur,Dakhani-Mang(46),Chita Pardhi(38),(13)(E)Sarode,
(122)Panka,(5)(4)Telugu Munnur,Dakkal(17),Chodhara(12),(13)(E)Sarodi,
(123)Perika,(5)(5)Munnurwar Telugu,Dhed(38),Cholivala Nayaka(35),(13)(F)Sahedev Joshi,
(123)Perike,(5)(8)Telugu Kapewar,Dhegu-Megu(37),Chota Maria(18),(13)(G)Sarvade,
(123)Perka,(5)(9)Munnarwad,Dhor(18),Dandami Maria(18),(13)(H)Saroda,
(123)Perkewad,(6)Gabit,Dohor(18),Dhangad(36),(13)Joshi,
(123)Perki,(7)Muslim Religious Bhangi,Dokkalwar(17),Dhanka(13),(13)Vaghari,
(124)Putligar,(7)Muslim Religious Halalkhor,Dom(19),Dhanwar(14),(14)Chhapparband (Including Muslim Religious),
(125)Dhobi,(7)Muslim Religious Khakrob,Dumar(19),Dhoba(18),(14)Kashikapdi,
(125)Lingayat Dhobi,(7)Muslim Religious Lalbeg,Ganda/Gandi(21),Dhodia(15),(15)Dombari,
(125)Lingayat Parit,(7)Muslim Religious Mehatar,Garoda/Garo(22),Dholi Bhil(8),(15)Kolhati,
(125)Madwal,,Garudi(46),Dhor Kathkari(21),(16)(A)Dangat,
(125)Pareet,,Ghasi/Ghasiya(23),Dhor Kathodi(21),(16)(B)Vir,
(125)Rajak,,Haadi(53),Dhulla(18),(16)Mairal,
(125)Telugu Madelwar(Parit),,Halalkhor(12),Dhuru(18),(17)(1)Sudgadsiddha,
(125)Vatti(Vatas),,Hallir(24),Dhurwa(18),(17)(2)Mapanjogi,
(126)Khatri,,Halsaar(25),Dongar Koli(29),(17)(3)Balasantu,
(126)Kshatriya,,HARALAYYA 11,Dorla(18),(17)(3)Sharadakar,
(126)Kshatriya Patkar,,HARALI 11,Dubla(16),(17)(3)Shardakal,
(126)Pategar,,Haslar(25),Dungri Bhil(8),(17)(3)Shardakar,
(126)Patewegar,,Hela (12),Dungri Garasia(8),(17)Masanjogi,
(126)Patkar,,Holar(26),Gaiki(18),(18)Nandiwale,
(126)Pattegar,,Holay(27),Gaita(18),(18)Tirmal,
(126)Patwekari,,Holaya dasar(16),Gamit(17),(19)Pangul,
(126)Patwi,,Holer(27),Gamta(17),(2)Beldar,
(126)Somwanshiy Sahastrarjun Kshatriya,,Holeya dasari(16),Gatta(18),(2)Bestar,
(127)Lingayat Phulari,,Holeya(27),Gatti(18),(2)Bukekari,
(127)Phulari,,Holiya(27),Gavit(17),(2)Kapewar,
(128)Rachevar,,Hulaswar(25),GOND(18),(2)Kumawat,
(129)Raikari,,Kaikadi (28),Gond-Gowari (18),(2)Memar,
(129)Rayikar,,Kakkayya(18),Halba(19),(2)Munnar Kapewar,
(13)Barai,,KAMATI MOCHI 11,HALBI(19),(2)Munnar Kapu,
(13)Bari,,Kanera(30),Halpati(16),(2)Musalman Raj,
(130)Bandi,,Kankayya(18),Hill Maria(18),(2)Muslim Beldar,
(131)Rachbandhia,,Karor(12),Ka Thakar(44),(2)Muslim Gavandi,
(132)Rangari,,Katiya(29),Ka Thakur(44),(2)Muslim Memar,
,,,,(2)Muslim Raj,
,,KHALAPA 11,,(2)Od,
(133)Rangrez,,Khalpa (11),Kalanga(18),(2)Pentreddy,
(134)Raot,,Khangar(30),KAMAR(20),(2)Sanchaluwaddar,
(134)Rautiya,,Khatik(31),Kandh(31),(2)Telanga,
(134)Rawat,,Kolupul-Vandalu(32),Kandra(18),(2)Telangi,
"(135)Rangrej(Bhawsar, Rangari)",,Kori(33),Kanwar(22),(20)Raul,
(14)Beria,,Lalbegi(12),Kapadia Nayaka(35),(20)Raval,
(140)Sanjogi,,Lingdor(34),Kathodi(21),(20)Raval Yogi,
(141)Saraniya,,Maang-Garodi(47),Katkari(21),(21)Cyclelgar,
(145)Sapaalig,,MACHIGAR 11,Kaur(22),(21)Kaatari -Shikalkar(Shiklikari) (Including Hindu Religious),
(145)Sapaaliga,,MADAR 11,Kawar(22),(21)Katari,
(145)Sapalig,,Madari(46),Khairwar(23),(21)Katari Shikaligaar,
(145)Sapaliga,,Madgi(35),Kharia(24),(21)Muslim Shikalgaar,
(145)Supalig,,Madig (11),Khatola(18),(21)Saikalgar,
(145)Suppalig,,MADIGA 11,Khirwar(18),(21)Saikalkar,
(145)Suppaliga,,Mahar ( 37 ),Khirwara(18),(21)Sekkalgar (Muslim Religious),
(145)Suppaling,,Mahyavanshi(38),Khond(31),(21)Shikalgaar,
(146)Sutharia (From Sindh),,Mala Dasari(40),Koilabhuta(18),(21)Shikaligaar,
(147)Sahis,,Mala Hannai(41),Koilabhuti(18),(21)Shikaligar,
(147)Sais,,Mala Jangam(42),Koitar(18),(21)Shikalikar,
(147)Shis,,Mala Masti(43),Kokna(25),(21)Shikalkar,
(148)Sapera,,Mala Sale(44),Kokni(25),(21)Shikalkari,
(149)Shilavat,,Mala Sanyasi(45),Kol(26),(21)Shikilgar,
(15)Besdewa,,Mala(39),Kolam(27),(21)Sikalgar,
(150)Singiwala,,Malkana(12),Kolcha(28),(21)Sikaligar,
(153)Darji,,Mang(46),Kolgha(28),(21)Sikalighar,
(153)Idrisi,,Mang-Garodi(47),Koli Dhor(28),(21)Sikalikar,
(153)Jain Shimpi,,Mang-Garudi(47),Koli Mahadev(29),(21)Sikalkar,
(153)Meru Kshatriya Shimpi,,Mang-Mhashi(46),Koli Malhar(30),(21)Sikh-Shikaligaar,
,,,Kondh(31),,
(153)Meru Shimpi,,Manne(48),Korku(32),(21)Sikh-Shikalikar,
(153)Namdev Shimpi,,Maru-Wankar(38),Kotwalia(47),(21)Sikilgar,
(153)Saisutar,,Masti(49),Koya(18),(21)Sikilkar,
(153)Saitval,,Matang(46),Koya(33),(21)Sikkalgar,
(153)Saitwal,,Mehra(37),Kucha Maria(18),(21)Sikkalkar,
(153)Shetval,,Mehtar (12),Kuchaki Maria(18),(23)Vaidu,
(153)Shetwal,,Menghwal(50),Kukna(25),(24)Vasudeo,
(153)Shimpi,,Menghwar(50),Langoli Pardhi(38),(25)(1)Zinga Bhoi,
(153)Shravak Shimpi,,Minimadik(51),Ma Thakar(44),(25)(10)Manzi,
(153)Telugu Darji,,Mirdha(30),Ma Thakur(44),(25)(11)Jatia,
(153)Telugu Shimpi,,MOCHI (11),Madia (18),(25)(12)Kewat,
(154)Marwadi Sonar,,MOCHIGAR 11,MAHADEV KOLI(29),(25)(13)Dhiwar,
(154)Marwadi Sunar,,Mukri(52),MANA(18),(25)(14)Dheewar,
(154)Marwadi Swarnakar,,Naadiya(53),Mannervarlu(27),(25)(15)Dhimar,
(154)Sonar,,Netkani(44),Mannewar(18),(25)(16)Palewar,
(155)Tandel,,Nona (11),Maria(18),(25)(17)Machhendra,
(157)Targal,,Olgana(12),Mavchi(17),(25)(18)Bhoi Navadi,
(158)Thetwar,,Paasi(54),Mewasi Bhil(8),(25)(18)Lingayat Aambi,
(159)Thoriya,,Pardeshi Chamar (11),Moghya(18),(25)(18)Navadi,
(16)Bhadbhunja,,PASI 54,Mogia(18),(25)(18)Taru Navadi,
(16)Bharadbhunja,,Pathriya(29),Monghya(18),(25)(19)Malhar,
(16)Bhujwa,,Radhemang(46),Mota Nayaka(35),(25)(2)Pardeshi Bhoi,
(16)Bhunj,,Ramnami (11),Mouasi(32),(25)(20)Malhav,
(16)Bhuranji,,RANIGAR 11,Mudia,(25)(21)Boi,
(16)Bhurjawa,,RAVAT 56,Muria(18),(25)(22)Gadhav Bhoi,
(16)Bhurji,,Rawat(56),Nagarchi(18),(25)(23)Khadi Bhoi,
(160)Kasar,,ROHIDAS 11,Nagasia(34),(25)(24)Khare Bhoi,
(160)Tambat,,ROHIT 11,Nagesia(34),(25)(25)Dhevra,
(160)Twashta Kasar,,Rukhi(12),Nagwanshi(18),(25)(26)Bhanara,
(161)Thogti,,Saansi(55),Nahul(32),(25)(26)Bhanare,
(162)Wadi,,Samagara (11),Naikda(35),(25)(26)Bhanari,
(164)Hindu Dharkar,,SAMGAR 11,Naikpod(18),(25)(27)Besta,
(164)Wansphod,,Satnami (11),Nana Nayaka(35),(25)(27)Bestalu,
(166)Warthi,,SC ( 37),Nayaka(35),(25)(27)Bestar,
(168)Yerkula,,Sedma(56),Nihal(32),(25)(27)Besti,
(169)Agale,,Shenwa(56),Ojha(18),(25)(27)Bhanar,
(169)Agri,,Sindholu(57),Oraon(36),(25)(27)Malla,
(169)Kalan,,Suriyaramnami (11),Padvi(17),(25)(27)Mallah,
(17)Bhanta,,Surjyabanshi (11),Pando(6),(25)(27)Navik,
(170)Bhavsar Kshatriya,,Taral(37),PARDHAN(37),(25)(27)Nishad,
(170)Bhavsar Kshatriya Rangari,,Telegu Mochi (11),Pardhi(38),(25)(27)Oda,
(170)Bhavsar Kshatriya Shimpi,,TELGU MOCHI 11,Parja(39),(25)(27)Odelu,
(170)Bhavsar Rangari,,TIRBANDA 58,Patelia(40),(25)(27)Odevar,
(170)Bhavsar Shimpi,,Tirbanda(58),Pathari(37),(25)(3)Rajbhoi,
(170)Bhawsar,,Tirgaar(58),Pawra,(25)(4)Bhoi,
,,,Phans Pardhi(38),,
(170)Rangari,,TIRGAR 58,Phanse Pardhi(38),(25)(5)Kahar,
(170)Rangari Bhavsar,,TURI 59,Pomla(41),(25)(6)Godiya Kahar,
(170)Rangrez,,Turi(59),Raj(18),(25)(7)Dhuria Kahar,
(170)Rangrez,,Vhalar(26),RAJGOND(18),(25)(8)Kirat,
,,,Rajkoya(33),,
(171)Kurahin Shetty,,Wankar(38),Rathawa(42),(25)(9)Machwa,
(172)Nilee,,Yellamalwandalu(20),Rathia(22),(25)Bhoi,
(172)Nilgar,,Yellamwar(20),Rawal Bhil(8),(26)(A)Bohrashi,
(172)Nirali,,Zadgalli(12),Saroti(37),(26)(B)Bahurupiya,
(173)Devangan,,,Sawar(43),(26)(C)Bhorpi,
(173)Koskhati,,,Sawara(43),(26)(D)Rayrandhra,
(174)(1)Zade Sutar,,,Shikari(38),(26)(E)Ayyar,
(174)(2)Panchal Sutar,,,Son Kathodi(21),(26)(E)Ayyari,
(174)Baadhhai,,,Son Katkari(21),(26)Bahurupi,
(174)Badhhai,,,Sonjhari Jhareka(18),"(27)Thelari (In Dhule, Nashik, Jalgaon & Aurangabad Districts.)",
(174)Badhhi,,,Tadvi Bhil(8),(28)(A)Otankar,
(174)Lingayat Sutar,,,Tadvi(13),(28)(B)Otkar,
(174)Sutar,,,Takankar(38),(28)(C)Vatari,
(174)Suthar,,,Takia(38),(28)(D)Ojhari,
(174)Vaadhhai,,,Talavia(16),(28)(E)Otkari,
(174)Vadhhai,,,Tanwar(22),(28)(E)Otokar,
(174)Vadhhi,,,Tetaria (13),(28)(E)Vatkar,
(174)Wadhai,,,Thakar(44),(28)(E)Vatkari,
(174)Wadi,,,Thakur(44),(28)(E)Vatokar,
(175)Futgudi,,,Thatia(18),(28)(E)Votankar,
(177)Mansuri,,,Thoti(45),(28)(F)Vatokaar,
(177)Pinjara,,,Thotya(18),(28)Otari,
(177)Pinjari,,,Tokre Koli(28),(29)(1)Ahir,
(179)Bhilala,,,Vade Maria(18),(29)(1)Dhangar Ahir,
(18)Bhaat,,,Valvi(13),(29)(10)Telangi,
(18)Bhat,,,Varli(46),(29)(11)Tellari,
(181)Deshkar Teli,,,Vasava(8),(29)(12)Kokani-Dhangar,
(181)Donbail Teli,,,Vasave(8),(29)(13)Kanade,
(181)Ek Bahiya Teli,,,Vitolia(47),(29)(14)Varhade Dhangar,
(181)Ekbail Teli,,,Wade Maria(18),(29)(15)Zade,
(181)Erandel Teli,,,,(29)(16)Zende,
(181)Ghanchi,,,,(29)(17)Kurmaar,
(181)Lingayat Teli,,,,(29)(18)Mahure,
(181)Maratha Teli,,,,(29)(19)Ladse,
(181)Savteli,,,,(29)(2)Dange,
(181)Tarane Teli,,,,(29)(20)Sangar,
(181)Teli,,,,(29)(21)Dhanvar,
(181)Tilwan Teli,,,,(29)(22)Gadaria,
(182)(1)Phulmali,,,,(29)(23)Gadri,
(182)(10)Unde,,,,(29)(24)Gadhari,
(182)(11)Lingayat Mali,,,,(29)(25)Dange Dhangar,
(182)(2)Phule,,,,(29)(25)Dongari Dhangar,
(182)(3)Halade,,,,(29)(26)Gadaariya,
(182)(4)Kacha,,,,(29)(26)Gadariya,
(182)(5)Kadu,,,,(29)(3)Gatari,
(182)(6)Bawane,,,,(29)(4)Hande,
(182)(7)Adhprabhu,,,,(29)(5)Telvar,
(182)(8)Adhsheti,,,,(29)(6)Hatkar,
(182)(9)Jire,,,,(29)(7)Haatkar,
(182)Bagwan(Muslim Religious),,,,(29)(8)Sagar,
(182)Bharat Bagwan,,,,(29)(8)Segar,
(182)Chaukalashi,,,,(29)(8)Shegar,
(182)Gase Vanmali,,,,(29)(9)Khutekar,
(182)Ghodekhau,,,,(29)Dhangar,
(182)Kosare,,,,(3)(A)Balasantoshi,
(182)Mali,,,,(3)(A)Bhamti,
(182)Maral,,,,(3)(B)Girni Waddar,
(182)Marar,,,,(3)(B)Kinggriwale,
(182)Pachkalasi,,,,(3)(C)Kamati,
(182)Pathare Kshatriya,,,,(3)(C)Nath Bava,
(182)Pathare-Kshatriya-Pachkalshi,,,,(3)(D)Garpagari,
(182)Raain(Baagvan),,,,(3)(D)Nath Jogi,
(182)S.K.P.,,,,(3)(D)Pathrut,
(182)Sastikar,,,,(3)(E)Nath Panthi Davari Gosavi,
(182)Savatamali,,,,(3)(E)Takari (Including Muslims Religious),
(182)Somvanshiya-Pathare Kshatriya,,,,(3)(F)Jogi,
(182)Sutar,,,,(3)(F)Nath,
(182)Vadwal,,,,(3)(F)Nathpanthi,
(183)Lonari,,,,(3)(F)Uchale,
(185)Talwar-Kanade,,,,(3)(G)Davari,
(185)Talwar-Kanadi,,,,(3)(G)Ghantichor,
(186)Raghavi (In Vidarbha Districts),,,,(3)Bhamta,
(187)Bawarchi,,,,(3)Bharadi,
(187)Bhandari,,,,(30)(1)Vanjar,
(187)Bhatiyara (Muslim Religious),,,,(30)(2)Vanjara,
(188)Ganali,,,,(30)Vanjari,
(188)Gandali,,,,(31)Kadak Laxmiwale,
(189)Bhoir,,,,(31)Maragammawale,
(189)Bhoyar,,,,(31)Mari Aaiwale,
(189)Bhoyir,,,,(32)Gahara,
(189)Pawar,,,,(32)Gihara,
(189)Powar,,,,(33)Gosai,
(19)Chamtha,,,,(33)Gusai,
(190)Boraal,,,,(34)Garudi,
(190)Borad,,,,(34)Jadugar,
(190)Boral(Excluding Ladwani),,,,(34)Muslim Madari,
(190)Borul,,,,(34)Sapwale,
(190)Dhakad,,,,(35)Indian Irani,
(190)Kanthahar Wani,,,,(36)Gavalan,
(190)Kathar,,,,(36)Gavali,
(190)Kathar Wani,,,,(36)Gavali Gopal,
(190)Ku.Wani,,,,(36)Gopal Gavali,
(190)Kulwant Wani,,,,(36)Gvalvansh,
(190)Kulwant-Wani,,,,(36)Muslim Gavali,
(190)Kunbi Wani,,,,(37)Aswalwale,
(190)Ladshakhiya Wani,,,,(37)Darveshi,
(190)Lingayat Tamboli,,,,(37)Waghwale Shah (Muslim Religious),
(190)Lingayat Wani,,,,(38)Bagdi,
(190)Mitkari Wani,,,,(4)(A)Dhontle,
(190)Nevi,,,,(4)(B)Korva,
(190)Panari,,,,(4)(C)Kochi Korva,
(190)Tamboli,,,,(4)(C)Makadwale,
(190)Vai. Wani,,,,(4)(D)Pamlor,
(190)Vaishya Wani,,,,(4)(E)Korvi,
(190)Vaishya-Wani,,,,(4)Bhope,
(190)Vaishyawani,,,,(4)Bhute,
,,,,"(4)Kaikadi (Mumbai, Thane, Kolaba, Ratnagiri, Nashik, Dhule, Jalgaon, Pune, Ahmednagar, Satara, Sangli, Kolhapur, Solapur, Aurangabad, Beed, Parbhani, Osmanabad, Nanded Districts &amp; Rajura Tehsil of Chandrapur District)",
(190)Wani,,,,(5)(A)Chhara,
(190)Wani(Kulwant),,,,(5)(B)Kanjar,
(191)Ansari,,,,(5)(C)Nat,
(191)Momin,,,,(5)Kanjar Bhat,
(192)Fakir Bandarwala,,,,(6)Chitrakathi,
(194)Ghadshi,,,,(6)Hardas(Except Muslim Religion),
(195)Tamboli(Muslim Religious Panfarosh),,,,(6)Katabu,
(196)Schedule Castes Converted to Christian,,,,(7)(A)Goar Banjara,
(197)Lanzad,,,,(7)(B)Lambada,
(197)Lazad,,,,(7)(B)Lambara,
(198)Ahir,,,,(7)(C)Lambhani,
(198)Yadav,,,,(7)(D)Charan Banjara,
(199)Ladasi,,,,(7)(E)Labhan,
(20)Chandalgada,,,,(7)(F)Mathura Labhan,
(202)Atar,,,,(7)(G)Kachikiwale Banjara,
(203)Audhiya,,,,(7)(H)Laman Banjara,
(204)Badag,,,,(7)(I)Laman,
(204)Badak,,,,(7)(I)Lamani,
(204)Barav,,,,(7)(J)Laban,
(205)Bagaloo,,,,(7)(L)Dhali,
(206)Marwar Baori,,,,(7)(L)Dhalia,
(206)Marwar Waghri,,,,(7)(M)Dhadi,
(207)Udasi,,,,(7)(M)Dhari,
(208)Balsanthanam,,,,(7)(N)Singari,
(209)Mathura Banjara,,,,(7)(P)Jogi Banjara,
(21)Charan,,,,(7)(S)Banjari,
(21)Gadhavi,,,,(7)(V)Navi Banjara,
(210)Shingade Banjara,,,,(7)Banjara,
(211)Lambade,,,,(7)Garudi,
(212)Phanade Banjara,,,,(7)Sapgarudi (Including Muslim Religious),
(213)Sunar Banjara,,,,(8)Arya Kshatriya,
(214)Dhaliya Banjara,,,,,
(215)Shingadya Banjara,,,,(8)Chitari,
(216)Baoriya,,,,(8)Chitodi Lohar,
(217)Koli Bariya,,,,(8)Chitodiya-Lohar,
(218)Bathini,,,,(8)Gadi Lohar,
(219)Begari,,,,(8)Ghisadi,
(22)Charodi,,,,(8)Ghisadi Lohar,
(220)Bhampta,,,,(8)Jinagar,
(220)Ghantichore,,,,(8)Jingar,
(220)Pardeshi,,,,(8)Khati,
(221)Pong,,,,(8)Khatwadhi,
(222)Dasar,,,,(8)Lohar,
(223)Uchila,,,,(8)Pal Pardhi,
(224)Belchheda,,,,(8)Panchal Lohar,
(224)Bhanddura,,,,(8)Rajput Lohar,
(224)Billawa,,,,(8)Somvanshi,
(224)Thiya,,,,(8)Somvanshi Arya Kshatriya,
(225)Dhivar Bhoi,,,,(9)(B)Gaon Pardhi,
(225)Kharavi,,,,(9)(C)Haran Shikari,
(226)Bhoyar,,,,(9)Goler,
(227)Bindali,,,,(9)Golkar,
(228)Burbuk,,,,(9)Golla,
(229)Chadar,,,,(9)Gollewar,
(23)Chhipa,,,,(9)Raj Pardhi,
(23)Chippa,,,,,
(230)Chakravaday -Dasar,,,,,
(231)Chandal,,,,,
(232)Chenyawar,,,,,
(232)Chenyu,,,,,
(233)Chimur,,,,,
(234)Chintala,,,,,
(235)Dakaleru,,,,,
(236)Darji,,,,,
(238)Kuraba,,,,,
(238)Kurubar,,,,,
(239)Harkantra,,,,,
(239)Mangele,,,,,
(239)Mangeli,,,,,
(239)Page,,,,,
(239)Sanduri,,,,,
(24)Dangdidas,,,,,
(24)Das,,,,,
(241)Dommara,,,,,
(242)Gadaba,,,,,
(242)Godba,,,,,
(243)Gangani,,,,,
(244)Garodi,,,,,
(245)Goller,,,,,
(246)Godala,,,,,
(247)Habura,,,,,
(248)Harani,,,,,
(249)Hil-Redidas,,,,,
(25)Dabgar,,,,,
(250)Deveri,,,,,
(251)Bankar,,,,,
(251)Bunkar,,,,,
(251)Vanya,,,,,
(251)Vinkar,,,,,
(252)Kachhiya,,,,,
(253)Korach,,,,,
(253)Padlor,,,,,
(254)Goud Kalal,,,,,
(254)Jain Kalar (Excluding Lad Brahman),,,,,
(254)Kalal,,,,,
(254)Kalar,,,,,
(254)Lad,,,,,
(254)Ladwak,,,,,
(254)Shivhare,,,,,
(255)Kandel,,,,,
(256)Kasera,,,,,
(257)Kasab,,,,,
(257)Kasai,,,,,
(257)Qureshi,,,,,
(258)Katipamula,,,,,
(259)Kirar,,,,,
(26)Depala,,,,,
(260)Christian Koli,,,,,
(261)Korachar,,,,,
(261)Korave,,,,,
(262)Kodaku with Korava,,,,,
(263)Komakapu,,,,,
(264)Kondu,,,,,
(265)Lakhari,,,,,
(266)Dodi,,,,,
(266)Khatawali,,,,,
(266)Lohar-Gada,,,,,
(266)Paanchal,,,,,
(266)Panchal,,,,,
(267)Chunari,,,,,
(269)Mahil,,,,,
(27)Devli,,,,,
(270)Maidasi,,,,,
(271)Mazwar,,,,,
(272)Matihara,,,,,
(272)Matiyara,,,,,
(273)Mankar Khalu,,,,,
(274)Mondiwar,,,,,
(274)Mondiwara,,,,,
(275)Munda,,,,,
(276)Hajam,,,,,
(276)Kalseru,,,,,
(276)Kanshi,,,,,
(276)Nabhik,,,,,
(276)Nai,,,,,
(276)Navliga,,,,,
(276)Waland,,,,,
(277)Pachbhotala,,,,,
(277)Pachbotala,,,,,
(278)Padampari,,,,,
(279)Bhisti,,,,,
(28)Devdig,,,,,
(28)Dewadiga,,,,,
(28)Moili,,,,,
(28)Sherigar,,,,,
(280)Pamula,,,,,
(281)Pancham,,,,,
(281)Panchama,,,,,
(282)Panda,,,,,
(283)Phar,,,,,
(284)Pinjari,,,,,
(285)Purwali,,,,,
(286)Rachbhoya,,,,,
(287)Rautiya,,,,,
(288)Sangari,,,,,
(289)Santal,,,,,
(290)Saunta,,,,,
(290)Sonta,,,,,
(291)Savteli,,,,,
(292)Sare,,,,,
(293)Bhavgar,,,,,
(293)Namdev,,,,,
(293)Shiv Shimpi,,,,,
(294)Shingadya,,,,,
(294)Shingdav,,,,,
(295)Sindhur,,,,,
(296)Sore,,,,,
(297)Sunna,,,,,
(298)Sunnai,,,,,
(299)Bhadai,,,,,
(30)Dhafali,,,,,
(30)Dholi,,,,,
(30)Hashmi,,,,,
(300)Ganchi,,,,,
(300)Ganninga,,,,,
(300)Ghanchi,,,,,
(302)Timali,,,,,
(301)Thotewadu,,,,,
(303)Valwai,,,,,
(304)Vadader(Kalawader or Pathrod),,,,,
(305)Vanadi,,,,,
(306)Yenadiwadas,,,,,
(307)Yergolawad or Thella Pamalwadas,,,,,
(308)Odewar,,,,,
(309)Maneri,,,,,
(309)Maniyar,,,,,
(309)Manyar,,,,,
(309)Manyar (Bangadiwala),,,,,
(310)Jatgar,,,,,
(311)Karadi,,,,,
(312)Kunkuwale,,,,,
(313)Khatwadhai,,,,,
(315)Kohali,,,,,
(316)Kasai,,,,,
(316)Khatik,,,,,
(316)Qureshi Khatik,,,,,
(317)Dangari,,,,,
(318)Vedu (Waghari),,,,,
(319)Muslim Dhawad,,,,,
(320)Nirhali (Nirali),,,,,
(321)Chitrakathi Hardas,,,,,
(322)Besta,,,,,
(322)Bestallu,,,,,
(322)Besti,,,,,
(323)Parivar,,,,,
(324)Savkalar,,,,,
(325)Hanbar,,,,,
(326)Badgujar,,,,,
(326)Dode Gujar,,,,,
(326)Gujar,,,,,
(326)Leve Gujar,,,,,
(326)Londhari,,,,,
(326)Pendhari,,,,,
(326)Reva Gujar,,,,,
(326)Reve Gujar,,,,,
(326)Suryavanshi Gujar,,,,,
(327) Pahad,,,,,
(327)Pahadi,,,,,
(329)Muslim Machhimar (Daldi),,,,,
(330)Bhaldar,,,,,
(331)Alkari,,,,,
(332)Pendhari(Including Muslim Religious),,,,,
(333)Yalam,,,,,
(333)Yallam,,,,,
(333)Yelam,,,,,
(334)Mahat,,,,,
(334)Mahawat,,,,,
(334)Mahoot,,,,,
(335)Muslim Fakir,,,,,
(336)Lodh,,,,,
(336)Lodha,,,,,
(336)Lodhi,,,,,
(337)Nalband,,,,,
(338)Kulakadagi,,,,,
(338)Kulekadgi,,,,,
(338)Kullakadagi,,,,,
(338)Kullekadagi,,,,,
(338)Lingayat Kullekadagi,,,,,
(339)Mujawar,,,,,
(340)Mulana,,,,,
(340)Mulane,,,,,
(340)Mulani,,,,,
(341)East Indian,,,,,
(341)East Indian Catholic,,,,,
(341)East Indian Christian,,,,,
(342)Nevewani,,,,,
(344)Muslim Religious Kakar,,,,,
(345)Dorik,,,,,
(345)Kanodi/Kanadi,,,,,
(346)Patwa,,,,,
(347)Rathod (Depending on Economic Condition),,,,,
(348)Marwadi Nhavi,,,,,
(349)Gurad-Kapu,,,,,
(349)Guradi,,,,,
(349)Gurda-Kapewar,,,,,
(349)Gurdi-Reddy,,,,,
(35)Gandharap,,,,,
(350)Gavada,,,,,
(350)Gavade,,,,,
(350)Gawada,,,,,
(350)Gawade,,,,,
(36)Gujrath Bori,,,,,
(39)Gadhavi,,,,,
(4)Badia,,,,,
(42)Gochaki,,,,,
(43)Gurav,,,,,
(43)Lingayat Gurav,,,,,
(45)Gavandi,,,,,
(45)Gurjar-Kadiya,,,,,
(46)Halepaik,,,,,
(49)Jagiasi,,,,,
(5)Bajania,,,,,
(50)Jajak,,,,,
(51)Jatiya,,,,,
(52)Jatigar,,,,,
(53)Javheri,,,,,
(53)Parjia Soni,,,,,
(55)Jogin,,,,,
(56)Johari,,,,,
(57)Ansari,,,,,
(57)Julaha,,,,,
(58)Jangam,,,,,
(58)Lingayat Jangam,,,,,
(58)Malajangam(Virbhadra),,,,,
(59)Chitari-Jingar,,,,,
(6)Bajigar,,,,,
(60)Jadi,,,,,
(62)Kammi,,,,,
(63)Kapdi,,,,,
(65)Khati,,,,,
(69)Kongadi,,,,,
(7)Buttal,,,,,
(70)Korchar,,,,,
(72)Kachora,,,,,
(73)Kadera,,,,,
(74)Kamati,,,,,
(75)Kasbi,,,,,
(8)Bhand,,,,,
(8)Chappar Bhand,,,,,
(8)Muslim Bhand,,,,,
(80)Kuchbandh,,,,,
(81)Kuchharia,,,,,
(82)Kulala,,,,,
(82)Kumbara,,,,,
(82)Kumbhar,,,,,
(82)Kumbhara,,,,,
(82)Kumhar,,,,,
(82)Lingayat Kumbhar,,,,,
(82)Mulya,,,,,
(83)(1)Lewa Kunbi,,,,,
(83)(2)Lewa Patil,,,,,
(83)(3)Lewa Patidar,,,,,
(83)Kunbi,,,,,
(83)Kunbi Maratha,,,,,
(83)Maratha Kunbi,,,,,
(85)Kachhi,,,,,
(85)Kachi,,,,,
(85)Koeeri,,,,,
(85)Koiri,,,,,
(85)Koyari,,,,,
(85)Kushwah,,,,,
(85)Kushwaha,,,,,
(85)Morya,,,,,
(85)Murai,,,,,
(85)Saini,,,,,
(85)Shakya,,,,,
(86)Kathi,,,,,
(87)(1)Kanchar,,,,,
(87)(2)Kachari,,,,,
(87)Kasar,,,,,
(88)Labha,,,,,
(89)Ladhia,,,,,
(89)Ladia,,,,,
(89)Laria,,,,,
(9)Bavaiya,,,,,
(9)Targal,,,,,
(90)Ladaf,,,,,
(90)Laidaf (Nad-daf),,,,,
(90)Mansuri,,,,,
(91)Lakheria,,,,,
(92)Hadad,,,,,
(92)Luhar,,,,,
(92)Luvar,,,,,
(92)Mistri,,,,,
(94)Mahanubhav Bhopi,,,,,
(94)Manbhav,,,,,
(94)Manbhav Bhopi,,,,,
(96)Marwar Bori,,,,,
(97)Me,,,,,
(98)Mina,,,,,
(99)Mahali,,,,,